Pressure_Category,Emalın Səmərəliliyi (%),Has_Incident,Energy_per_ton,Process_KPI_Score,Emal Həcmi (ton)
Low (<10 bar),96.0,0.5555555555555556,1.7822019069158657,83.42763371747257,512500
Medium (10-30 bar),91.6,1.0,1.7345238095238096,81.20118952255588,352500
High (30-50 bar),91.6,0.4,1.5885087719298245,85.74661666931573,227500
Very High (>50 bar),91.0,1.0,1.7058823529411766,81.68933258097208,42500
