Proses Tipi,Emalın Səmərəliliyi (%),Energy_per_ton,CO2_per_ton,Cost_per_ton,Təhlükəsizlik Hadisələri,Emal Həcmi (ton),Has_Incident,Process_KPI_Score,Safety_Risk,Energy_Efficiency,Processing_Speed
Kimya Emalı,93.66666666666667,1.654562828475872,0.38471226840792055,52.19506339071556,100,360000,0.3333333333333333,84.41077691028167,0.31024531024531027,0.6182234866445393,93.2568771043771
Neft Emalı,95.0,1.8481324048758259,0.43989743534973796,50.47020434609251,940,505000,1.0,81.29874870104283,1.787423103212577,0.5467200612301294,91.16404428904428
Qaz Emalı,91.5,1.6080710354317165,0.3586839238619424,49.84392558192867,150,270000,0.5,85.07040265459177,0.571078431372549,0.6284598687525551,136.36904761904762
