Proses Tipi,Proses Addımı,Emalın Səmərəliliyi (%),Energy_per_ton,CO2_per_ton,Has_Incident,Process_KPI_Score,Emal Həcmi (ton)
Kimya Emalı,Polimerizasiya,98.25,1.481844242713808,0.3234969740404523,0.0,90.01793897060517,252500
Kimya Emalı,Sintetik Yanacaq,84.5,2.0,0.5071428571428571,1.0,73.19645278963462,107500
Neft Emalı,Distillə,96.5,2.02811004784689,0.4743335611756664,1.0,79.2615408019211,205000
Neft Emalı,Katalitik Kraker,93.5,1.668154761904762,0.4054613095238095,1.0,83.33595660016455,300000
Qaz Emalı,Kondensasiya,92.5,1.7037732198142412,0.3491369969040247,0.75,83.61876421384635,180000
Qaz Emalı,Nəzarət Krakeri,89.5,1.4166666666666665,0.3777777777777777,0.0,87.97367953608264,90000
