Təchizatçı Adı,Emalın Səmərəliliyi (%),Has_Incident,Energy_per_ton,Process_KPI_Score,Emal Həcmi (ton)
AB Katalizatorları,96.5,1.0,2.02811004784689,79.2615408019211,205000
KLM Enerji,89.5,0.0,1.4166666666666665,87.97367953608264,90000
MK İnşaat,93.5,1.0,1.668154761904762,83.33595660016455,300000
QRS Kimya,84.5,1.0,2.0,73.19645278963462,107500
UV Polimer Katalizatoru,98.25628140703517,0.0,1.4812067984451642,90.03224023592261,251350
UVZ Polimer Katalizatoru,97.0,0.0,1.608695652173913,87.17198717243694,1150
XYZ Kompaniyası,92.5,0.75,1.7037732198142412,83.61876421384635,180000
