Temperature_Category,Emalın Səmərəliliyi (%),Has_Incident,Energy_per_ton,Process_KPI_Score,Emal Həcmi (ton)
Low (<150°C),91.5,0.5,1.6080710354317165,85.07040265459177,270000
Medium (150-300°C),93.66666666666667,0.3333333333333333,1.654562828475872,84.41077691028167,360000
High (300-450°C),96.5,1.0,2.02811004784689,79.2615408019211,205000
Very High (>450°C),93.5,1.0,1.668154761904762,83.33595660016455,300000
