Duration_Category,Emalın Səmərəliliyi (%),Has_Incident,Energy_per_ton,Process_KPI_Score,Emal Həcmi (ton)
Short (<8h),92.0,0.6,1.651907464740282,84.54090745030649,225000
Medium (8-12h),96.0,0.3333333333333333,1.6861696232405614,85.18865119508554,325000
Long (12-16h),93.75,0.875,1.7480384199134198,82.4637297760487,530000
Extended (>16h),85.0,1.0,2.0,73.730784367148,55000
