Proses Addımı,Emalın Səmərəliliyi (%),Energy_per_ton,CO2_per_ton,Cost_per_ton,Təhlükəsizlik Hadisələri,Emal Həcmi (ton),Has_Incident,Process_KPI_Score,Prosesin Müddəti (saat),Temperatur (°C),Təzyiq (bar)
Distillə,96.5,2.02811004784689,0.4743335611756664,51.743563454089774,300,205000,1.0,79.2615408019211,12.5,340.0,5.75
Katalitik Kraker,93.5,1.668154761904762,0.4054613095238095,49.196845238095236,640,300000,1.0,83.33595660016455,15.0,505.0,19.75
Kondensasiya,92.5,1.7037732198142412,0.3491369969040247,51.71033281733746,150,180000,0.75,83.61876421384635,6.0,111.25,50.0
Nəzarət Krakeri,89.5,1.4166666666666665,0.3777777777777777,46.111111111111114,0,90000,0.0,87.97367953608264,8.5,145.0,46.0
Polimerizasiya,98.25,1.481844242713808,0.3234969740404523,48.281772575250834,0,252500,0.0,90.01793897060517,11.75,222.5,7.5
Sintetik Yanacaq,84.5,2.0,0.5071428571428571,60.021645021645014,100,107500,1.0,73.19645278963462,34.82,220.0,11.0
